"user","book1","book2","book3","book4","book5","book6","book7","book8","book9","book10"
"0","Mariana.","Illuminati.","Veronika Dec","Fliegende Fe","Im Eishaus.","Die Schandma","Eins, zwei, ","Vier Morde u","Friedhof der","Der Schatten"
"1","Die Feuer vo","Dream Countr","Signal to No","The Tragedy ","The Wind-Up ","Hanging Out ","The Amazing ","Life of Pi","Night Watch","The Unbearab"
"2","Feet of Clay","The Books of","Get Your Act","Henry and th","Anne's House","Anne of Avon","Let's Hide t","How Can I Be","101 Safe Int","The Count of"
"3","The Path of ","Skipping Chr","365 Phonics ","Belle Du Sei","Electre","Les Rois mau","Les Rois mau","L'Attrape-Co","Les Fourmis","L'aube de Fo"
"4","No logo : La","Les oiseaux ","Hors de moi","Le chant des","AGE OF INNOC","Their Eyes W","Communion : ","The Alchemis","Mao II","Dude, Where'"
"5","Anne Frank: ","The Color Pu","The Story of","Eating in Ja","Fast Food Na","The Poisonwo","The DANCE FI","True Singapo","Sense and Se","Tuesdays wit"
"6","Alexei Sayle","Breathing Le","Pet Sematary","Origin of Sp","Walden and O","Flowers for ","The God of S","The New York","Hermit in Pa","Schindler's "
"7","LA Metamorfo","Orlando (Pen","The Grapes o","The Name of ","Marguerite D","Como Agua Pa","She Came to ","Atlas Shrugg","The Wind-Up ","The Secret L"
"8","Life of Pi","The Hitchhik","Point Zero: ","The Professo","The Picture ","The Olive Fa","The Future o","Accidental T","All the Name","A Son of the"
"9","A Widow for ","Anil's Ghost","The Flanders","Midnight in ","Orchid Fever","Checkmate : ","The Club Dum","Tintin in Ti","The Seekers:","Mariana."
"10","Simon.","Me Talk Pret","Under the Ba","Where the He","Cancer Schma","Das grobmasc","Beneath the ","Vendetta. Co","In Sachen Si","Venezianisch"
"11","The Rules of","A Prayer for","Tuesdays wit","Alexei Sayle","Breathing Le","Pet Sematary","Origin of Sp","Walden and O","Flowers for ","The Exes : A"
"12","The Indispen","The Crimson ","Vernon God L","The Romance ","First abolis","Brother to D","D Is for Dea","The Venetian","Foxfire: Con","Prodigal Sum"
"13","Dr. Atkins' ","Each Peach P","Forever Ambe","Angela's Ash","Charlie and ","The Joy Luck","Jane Eyre (P","Sanctuary","Heaven and E","Face the Fir"
"14","Nobody's Boy","The Promethe","Demolition A","The Queen of","Memnoch the ","The Grapes o","Four To Scor","As Nature Ma","Barbie: A Bi","Two Princess"
"15","The Berensta","The Firm","The Seven Pr","The Tale of ","Mariana.","Das Lied von","The Chronicl","The Golden C","To Kill a Mo","Felidae. Rom"
"16","Die Umarmung","Regenroman.","Veronika Dec","Fliegende Fe","Eins, zwei, ","The Red Tent","Jane Austen ","City of Bone","How to Be a ","MEM ANOTHER "
"17","Das erste de","Im Eishaus.","Die Bildhaue","Schwarze Spi","Billy","Skinner's Or","The North Ru","Pearl Cove (","The Fiery Cr","Portrait of "
"18","Reaching to ","Bloodstream","Drums of Aut","Call After M","Finding Fish","The Lovely B","One Last Tim","Das Lied der","Spiegelzeit.","Die wilde Ge"
"19","Das Geheimni","Rosenrot Mau","Illuminati.","Das Herz von","Das gro????e","Das Achte Ge","Die Felder d","Fitchers Bla","The Secret L","Kushiel's Av"
"20","The Hero and","By Any Other","Creepy Susie","The Gashlycr","The Queen of","Outback With","Insatiable (","Once An Outl","Maiden And T","Night Watch"
"21","My Sister's ","Paula","Blindness","Harry Potter","Harry Potter","Harry Potter","The Notebook","Crime and Pu","Harry Potter","Daughter of "
"22","The Twelfth ","What Are You","Around the W","The Cybergyp","The Lowest F","Spanky","Roof World","Love All the","I Capture th","The Doomsday"
"23","The Golfer a","Picknick auf","Ein Freund d","Russendisko.","Traumreisend","Wo dein Zuha","Der Freundsc","Das Jahr ohn","Point of Ori","In Sachen Si"
"24","Der Fluch. R","Harry Potter","Poesia Compl","Cuentos de G","La Ciudad de","Il visconte ","Maori Myth a","Historia De ","El caballero","Coraline"
"25","Dear Dad: Le","Double Stand","Paradise","Whispers at ","So You Want ","Ramona Forev","Dune (Rememb","A Game of Th","White Plume ","Descent into"
"26","Schneeland.","Die Drei Lic","Montauk","Kitchen.","Die Menschen","Blinder Pass","Das Schwarze","Im Interesse","Was ich lieb","Hallo Mister"
"27","Die Weiss Lo","La Presa","Fin Del Vien","El Hijo Del ","Los Anillos ","Las Memorias","Todos Los Fu","Madame Bovar","Life of Pi","Middlesex: A"
"28","Middlesex: A","The Fellowsh","Route 66 Pos","Dilbert: A B","Beatriz Y Lo","The Year's B","River God","Stardust","1st to Die: ","The Summer T"
"29","The Wanderin","The Darkest ","The World's ","The Hours: A","Inversions","Essays (Peng","The Alchemis","Whit","Angelica: A ","Emma (Pengui"
"30","The Worst Wi","The Worst Wi","A Bad Spell ","Madame Bovar","One True Thi","Larry's Part","The Art of M","Mutant Messa","Your Money o","A Gracious P"
"31","The Sisterho","I Am the Che","The Kid: Wha","Possessing t","STONES FROM ","Coastliners ","Timeline","Nine Innings","One Hundred ","The Seville "
"32","Chronicle of","Sphere","Five Patient","Perfume: The","Colors of th","Harry Potter","Sense and Se","Collins Bird","A Prayer for","The Screwtap"
"33","The Chronicl","The Third Re","The Grapes o","Borneo Log: ","Neverwhere","The Hot Zone","The Lorax","Frau mit dre","American Psy","Cyanide Well"
"34","Track of the","Felidae. Rom","Die Bildhaue","Die Bibel na","Dr Murkes Ge","Die Verbrech","Bored of the","G Is for Gum","Fremde Feder","Hard-boiled "
"35","Eins, zwei, ","Aller guten ","Vier Morde u","Die Zwilling","Eine Frau in","A Maiden's G","Berg der ver","Schiffbruch ","Bride's Kimo","Death of A S"
"36","Crime and Pu","Dilbert and ","The Growing ","Middlesex: A","New Windmill","New Windmill","Dogbert's To","The Dilbert ","The Joy of W","Adrian Mole:"
"37","Spiritual Al","The Secret L","The Stand (T","The Green Mi","Welcome to T","50 Simple Th","The Faeries'","Bel Canto: A","The Enneagra","The Red Tent"
"38","Letters from","The Bad Begi","The Reptile ","The Wide Win","The Miserabl","The Austere ","The Ersatz E","The Vile Vil","The Hostile ","The Twits (P"
"39","Letters from","A Walk to Re","El Laberinto","Pedro Paramo","Celtic Borde","The Story of","Frankenstein","Egon Schiele","Propios Dios","Los Robots D"
"40","Una Fortuna ","Sin Noticias","Exhibicion I","Night Watch","My Sister's ","Politically ","La Sombra de","The Great Ga","MEGAN'S ISLA","To the Light"
"41","If She Shoul","White Oleand","The Notebook","Pretend You ","84 Charing C","The Coming P","The Moonston","Crime and Pu","Alice's firs","Walt Disney'"
"42","The Amber Sp","The Angel of","Once and Fut","Shoeless Joe","The Big Slee","Krankheit al","The New York","Naked","A Brief Hist","Universe in "
"43","Die wei????e","Die Umarmung","Der Campus.","Brave New Wo","Veronika Dec","In the Count","The Art of L","High Fidelit","A Short Guid","Gon on Safar"
"44","84 Charing C","Harry Potter","Mr Vertigo","Les Fourmis","Awakenings","El anatomist","Animal Farm","Hamlet (The ","Small World","The Communis"
"45","Oscar Wilde ","Tu Sexo Es T","Romancero Gi","Skinner's Mi","American Pie","Buddha of Su","My Family an","STARS of Alb","Der Vorleser","Schneeland."
"46","Die Drei Lic","Montauk","The Fellowsh","The Two Towe","The Return o","The Virgin S","Die Musche -","Total verhex","Reise zwisch","Unnatural Ex"
"47","He Died with","The Serial: ","IN SOUTHERN ","About a Boy ","The L-shaped","The Book of ","La Cucina: A","Five Quarter","Extra Virgin","Almost Parad"
"48","A Prayer for","Sense and Se","Lady of Aval","TouchPoints ","The Lion, th","Prince Caspi","The Horse an","The Voyage o","The Last Bat","The Silver C"
"49","The Magician","A Taste for ","An Equal Mus","Eight Hands ","Love in the ","Interpreter ","To Kill a Mo","Ishmael","Story of My ","Shepherd Loo"
"50","The Samurai'","Among School","Life of Pi","Remnant Popu","Like Water f","Beauty and t","Orthe (Golla","Orfe","The Book of ","Persuasion ("
"51","Year of Wond","Foetal Attra","The Seven Da","The No. 1 La","Downsize Thi","The Penguin ","Ireland Toda","Far from the","Silas Marner","Adam Bede (P"
"52","The Plays of","Adrian Mole,","Black Holes ","The Silence ","Troika (Indi","El Alquimist","The Neverend","And Then The","Zoya","The Amber Sp"
"53","Inferno (Ind","Infanta (Ind","Nocturne (In","Avatar (Indi","Revenant (Bo","Watership Do","Fish! A Rema","Iberia: Span","Elements of ","A Week in th"
"54","Exceptional ","Wuthering He","Selected Tal","The Concise ","Interpersona","Screening Ou","The Bad Begi","The Reptile ","The Wide Win","The Miserabl"
"55","The Austere ","The Ersatz E","The Hostile ","The Twits (P","Letters from","A Walk to Re","Princess Dia","Stranger Str","The History ","Selected Poe"
"56","Gulliver's T","The Taming o","The Tempest ","The Scarlet ","Usborne Gree","Names of Wom","The Three Bu","Tales of Anc","The Coming P","The Moonston"
"57","Crime and Pu","Alice's firs","Walt Disney'","The Amber Sp","The Angel of","Once and Fut","Feather Crow","Prodigal Sum","American God","The Stories "
"58","Ender's Game","Survivor : A","The Wizard H","Latitudes of","Life of Pi","Middlesex: A","Silk","The Picture ","I, Robot","Greek Gramma"
"59","Zijn bliksem","Winds of Fat","I Thought My","A Widow for ","The Diving B","Delia Smith'","Astro City: ","One Hundred ","The Magician","Complete Chr"
"60","Caedmon's So","Bloodsucking","Lamb : The G","Pay It Forwa","Notes to Mys","Doomsday Boo","Of Marriagea","Peacocks Dan","My French Ki","The Lions of"
"61","The Man in t","Scarlet Feat","Le Moineau d","Le Cycle d'E","Angels Fligh","Northern Lig","Witch Child","Les Chats de","Barrage Cont","Harry Potter"
"62","La vengeance","La trahison ","I Hear a Sym","Stupid White","Gulliver's T","Gulliver's T","Catch 22","The Lost Con","Haroun and t","Thirty-nothi"
"63","Bridget Jone","Notes from a","Coraline","Farewell, My","Eight Hands ","Love in the ","Interpreter ","To Kill a Mo","Ishmael","Story of My "
"64","Death Of Vis","The Complete","The Long Har","Have a Nice ","Bed of Nails","The Demon-Ha","Early Auden","Hallucinatin","Route 66 Pos","Dilbert: A B"
"65","I Know This ","Thief of Tim","Feet of Clay","Daddy-Long-L","Spirits of t","The Complete","Spiritual Al","The Dice Man","The Handmaid","I'm a Strang"
"66","The Shadow o","The Worst Wi","P Is for Per","The Joy Luck","Man of Prope","In Chancery","Bel Canto: A","Edward","Gevatter Tod","Illuminati."
"67","Intensity.","Das achte Op","Wir Kinder V","Der Geblende","Duddits ' Dr","The Partner","Never Cry Wo","Der Grobe Ga","Edward","Gevatter Tod"
"68","The Da Vinci","Der Schatten","Das Leben, d","Die Orks.","Ring.","Breitet Sich","Eine Geschic","Die Unsterbl","Ayla Und Der","Das Lied von"
"69","Die Legende ","Im Schatten ","Falsetto.","Tage des Wol","Die Feuer vo","Die New York","Das Parfum: ","Kleines Lexi","Tanz der Hex","Die Mayfair-"
"70","The Fat Flus","The Tao of P","The Pilot's ","Recipes for ","Phenomenal W","The Da Vinci","Undead and U","Lightposts f","Michael Cric","The Way of H"
"71","ONE DAY MY S","The Crimson ","Vernon God L","The Romance ","The Secret L","The Stand (T","The Green Mi","A Light in t","These High, ","More Shtuff "
"72","Bridget Jone","Bird by Bird","How Can We K","A Baroque Fa","Santa Claus:","Defying Grav","Fox's Nose","Unicorns","Fast Foods: ","Time Power: "
"73","Pilgrim at T","Just So Stor","The Modern R","Pride and Pr","Look-Alikes ","Wonderful Li","Maus a Survi","The Sparrow","The Summer T","The Wanderin"
"74","Broken Wings","Homicidal Ps","Weirdos From","The Grapes o","Four To Scor","Harri Potter","Who Says Ele","No One Write","The McKinsey","Love in the "
"75","Chronicle of","The Razor's ","Screening Pa","Contact","Coraline","Dear Dad: Le","Ice","Alice in Won","The Ballad o","Pay Dirt, Or"
"76","Ramona Forev","Generica","Mondscheinta","Krieg und Fr","Lords und La","The Fellowsh","The Two Towe","The Return o","The Virgin S","Die Musche -"
"77","Total verhex","Reise zwisch","Jenseit des ","Broken Wings","Homicidal Ps","Weirdos From","Coastliners ","Timeline","Fatal Voyage","The Red Tent"
"78","One Hundred ","The Seville ","Sphere","Five Patient","Hound Of The","ETHAN FROME","Mr Vertigo","Lost and Fou","Historical C","The Other Da"
"79","The Third Vi","The Next Acc","The Survivor","CRUEL AND UN","Fury: Inside","Forever Peac","Coastliners ","Timeline","A Tree Grows","Charlotte's "
"80","White Mounta","Buddhism for","The Red Tent","Night of the","Ringworld","Snow White, ","Coming Home","The Bad Begi","The Reptile ","The Wide Win"
"81","The Miserabl","The Austere ","The Ersatz E","The Vile Vil","The Hostile ","The Twits (P","Letters from","The Bronze H","Midwives: A ","A Crown of S"
"82","Warlock","Here Comes G","Garfield Wor","City of Joy","The Bungalow","Criminal Sed","Lord of the ","Fat Woman Ne","Much Ado Abo","Complete Wor"
"83","Have a Nice ","Foley Is Goo","The Simpsons","Foley is Goo","Plane Insani","Gladly the C","Dave Barry D","Mid-Life Con","Boy's Life","The Coming P"
"84","The Moonston","Crime and Pu","Alice's firs","Walt Disney'","The Amber Sp","The Angel of","Once and Fut","The Neverend","Mrs Dalloway","The Flowers "
"85","I, Elizabeth","The Poisonwo","The Edible W","This Perfect","The Fifth Sa","Bridget Jone","Bird by Bird","Cat's Eye","Uncommon Gro","Mr. Boston :"
"86","Dude, Where'","As Nature Ma","Schindler's ","Foxfire: Con","Love in the ","The Bean Tre","You Have To ","Dead Sleep","Confessions ","Rock N Roll "
"87","A Prayer for","Soft!","El Libro de ","Libro de Bue","Demian","El lobo este","1984 (Spanis","Harry Potter","Cien Anos de","Life of Pi"
"88","Dude, Where'","La caverna =","Alquimista I","Bridget Jone","Bird by Bird","Cat's Eye","Uncommon Gro","Mr. Boston :","Dude, Where'","Fat Girls an"
"89","The Hidden S","The Mystery ","Nancy's Myst","The Message ","Double Stand","Whispers at ","The Dark Hig","Saving Grace","Beyond Forev","The Lion, th"
"90","Tuesdays wit","Watchers","Outlander","The Stand: C","Needful Thin","Access All A","Exploring th","No One Left ","Last Summer ","Schindler's "
"91","The History ","Selected Poe","Gulliver's T","The Taming o","The Tempest ","The Scarlet ","Kim.","Die Feuer vo","The Da Vinci","The Thirty-N"
"92","Die Entdecku","Der schwarze","Die Outsider","Maus 1. Mein","Aufzeichnung","Tief unten.","Ausweitung d","The New York","Naked","A Brief Hist"
"93","Universe in ","Into Thin Ai","Dude, Where'","Brave New Wo","Veronika Dec","In the Count","Life of Pi","Solaris","Blood and Mo","Qbasic by Ex"
"94","The First Ho","The Hot Zone","Dune (Rememb","Tender Is th","Hooking Up","Bloom","In the Begin","Liar's Poker","The Blind Wa","Change Me in"
"95","One Hundred ","The Magician","Complete Chr","Caedmon's So","The Outsider","Chocolat","The Borrower","Round Irelan","Four To Scor","The Seven Di"
"96","84 Charing C","The Red Tent","The Stand: C","500 Bowls: C","Once upon a ","Portuguese: ","The Xenophob","The Xenophob","The Xenophob","The Xenophob"
"97","The Xenophob","The Bronze H","Midwives: A ","Asta's Book","Pride and Pr","Before I Say","Lamb : The G","C Is for Cor","As a Driven ","Snowball Ora"
"98","More Tales o","A Heart of S","Girl with a ","The Lovely B","What We Did ","As Nature Ma","Five Quarter","Martin Sloan","Looking for ","Lullaby: A N"
"99","Tomorrow, Wh","Sophie's Wor","A cage of bu","Footprint up","Tea at Gunte","The Lord of ","The hobbit, ","The Omega Di","Lighten Up! ","From Bedlam "
"100","A Mother's S","Silence of t","September","The Carousel","Lionheart: A","The gobbler","The Angel Fa","Dream Countr","Signal to No","The Mists of"
"101","Dune (Rememb","A Game of Th","White Plume ","Descent into","Queen of the","Elfquest: Wo","Elfquest: Th","Elfquest: Th","The Mists of","Dune (Rememb"
"102","White Plume ","Descent into","Queen of the","Elfquest: Wo","Elfquest: Th","Preacher: Un","Preacher: Pr","Preacher: An","Preacher : W","Harry Potter"
"103","El arte de a","La Fiesta de","Tu Sexo Es T","F2f: Un Ases","High Fidelit","El Hombre Qu","Un calor tan","La Informaci","Riesgo calcu","El Club De L"
"104","Pride and Pr","Bleak House ","Floddertje","The Extended","Seeds of Cha","Vernon God L","The Cat Who ","The Templars","Garry Kaspar","Ninety Degre"
"105","Dyddiadur","Far Side Gal","The Telling","Always Comin","The Bone Peo","Power That P","Lord Foul Ba","Warchild","Burndive","The Poisonwo"
"106","The Bean Tre","Pigs in Heav","Jane Eyre (W","Of Mice and ","Wonderfully,","Elizabeth: T","Borrowed Tim","The Oxford B","Elizabeth I:","The Six Wive"
"107","Elizabeth I","The Name of ","The Noel Cow","One Hundred ","Nigel Slater","Collins Bird","Small Gods (","Long Dark Te","The Complete","Stark"
"108","Country of t","Not the End ","Battle Royal","The Perks of","Behind the S","The Warriors","I Know This ","The Red Tent","Midwives: A ","Gift from th"
"109","Life Strateg","Kids Are Wor","One Door Awa","Everything's","Mistaken Ide","The Club Dum","Momo (Spanis","1984","Alicia En El","Sophie's Wor"
"110","Antologia po","Jurassic Par","The Neandert","Letters from","Tu Feng Shui","El Chino De ","The Complete","A Little Pri","Oliver Twist","Hellion"
"111","Watership Do","Kiss Kiss (F","My Uncle Osw","Bridget Jone","What Women R","Barchester T","Twixt Land a","The Demon-Ha","Early Auden","Hallucinatin"
"112","The Heart of","Life of Pi","Remnant Popu","Like Water f","Beauty and t","Orthe (Golla","Orfe","The Book of ","We're Going ","Ender's Game"
"113","Michelangelo","Devine qui f","Dream Countr","Signal to No","The White Mo","POOL OF FIRE","La Quinta Mo","Jonathan Liv","Yossel : Apr","Song of the "
"114","How I Saved ","Cuckoo's egg","A Place for ","Starmen of L","Have space s","The Goblin M","Moon Is Hars","Captain Unde","Do What You ","Bruce Covill"
"115","Your Money o","What We Did ","Nursery Rhym","Lady of Aval","TouchPoints ","Child of the","Night Watch","A Hat Full o","The Tenant o","D Is for Dea"
"116","How to Inves","The October ","Perplexing L","Chicken Soup","Fun With Gro","Death Is Now","A Sudden Wil","The 7 Habits","A Suitable B","The Chronicl"
"117","Computers in","I, Claudius:","Claudius the","The Deptford","The Cornish ","The Red Tent","The Mists of","The Autobiog","The World Ac","The Dream Ma"
"118","Manifold: Ti","Manifold: Sp","Prelude to F","Hacker's Her","Dune (Rememb","The Ultimate","More Than Co","The Gap into","A Dark and H","Chaos and Or"
"119","Baltasar and","Prescription","C.I.A.: The ","One Door Clo","Beauty Secre","Firm for Lif","Tales of the","Learning How","Shikasta: Re","Doris Lessin"
"120","Le Neveu de ","Dream Countr","Signal to No","My Family an","STARS of Alb","The Family T","The Tiger in","Shadowheart ","Kushiel's Ch","About a Boy "
"121","The L-shaped","Night Watch","The Physicia","Harry Potter","Northern Lig","Marillion: S","Spirit Writi","Murder Among","King's Drago","T Zero"
"122","Archer's Goo","Thief of Tim","Dogsbody","Santa Paws C","Too Many Goo","Stories for ","Scarecrow","Santa Paws","Circles in t","All That Gli"
"123","Cry of the W","Welcome to D","The Two Towe","True Blue (S","The Dark Hig","Saving Grace","Beyond Forev","Pipers at th","Cyndy Szeker","101 Poems Ag"
"124","The Noonday ","The Healing ","The Artist's","The Right to","Writing Down","War Against ","Gevatter Tod","Die zweite F","Die zweite F","Viskovitz, d"
"125","Fermats letz","Das Aquarium","Das Druident","Der Insekten","Im Morgengra","Geklont.","Beim ersten ","Kein Kinders","Der Alchimis","Die Zwilling"
"126","Der Zauberga","Azrael. Die ","Forever Peac","The National","White Mounta","Charlotte's ","Buddhism for","Night of the","Ringworld","Snow White, "
"127","The Laughing","Dune (Rememb","Dave Barry D","The Fall (Th","Looking For ","Mystic River","The Presiden","Lion House D","Sacred Sex: ","Sisterchicks"
"128","The Lion, th","My Family an","Strange Fits","The Magic Pu","Never Again","The A-Z Refe","Far Side Gal","Your Money o","What We Did ","Nursery Rhym"
"129","The New Ency","Traditional ","Spit the Dum","Child of the","Night Watch","The Forest","The Ring of ","The Veil of ","Hans Christi","El Libro de "
"130","Libro de Bue","Demian","El lobo este","1984 (Spanis","Wuthering He","Jane Eyre (P","Pride and Pr","Rimas Y Leye","Mil y Una No","Manhattan"
"131","Demian: The ","The Adrian M","The Hitchhik","High Fidelit","Round Irelan","I Thought My","A Widow for ","The Diving B","Delia Smith'","Astro City: "
"132","About a Boy","Ernestina O ","The Big Pict","Le Tueur ave","L'assassin r","The Two Towe","The Return o","The Fellowsh","Different Se","The Book of "
"133","The Gashlycr","52 Deck Seri","The Bourne U","The Eight","Doom of the ","The Lovely B","Jurassic Par","Into the For","Forging the ","Triumph of t"
"134","Kingdom of S","Three Musket","The X Files ","The Eight","The Troubles","The Pillars ","The Queen of","The Plague T","Timeline","The Red Note"
"135","City of the ","Airframe","The Burning ","Thief of Sou","The Pilot's ","Sense and Se","The Green Mi","The Te of Pi","Johnny Got H","Tapping the "
"136","Illusions: T","The Onion Gi","Love Is in t","Love Is in t","The Caine Mu","About a Boy ","Ensayo Sobre","Matilda","Malena Es UN","LA Perla"
"137","Barcelona: s","Madame Bovar","Middlesex: A","Middlesex: A","The Fellowsh","The Two Towe","Le Pull-over","Neige","Desert (Foli","Novecento : "
"138","L'hermaphrod","Mr Vertigo","Moon Palace","Le contrat n","De Si Jolis ","La guerre de","Manifestes D","MacBest. Rom","Die Brautpri","Lauf, Jane, "
"139","Die Bildhaue","Interview Mi","Das Fest","Herzflimmern","Life of Pi","Dienstags Be","Mein Name is","Die Herzogin","Die dunkle S","Felidae. Rom"
"140","To Kill a Mo","The Kingdom ","Ridng Iron R","Max est cass","Max est dans","Rue Chateaub","Lyrische Hau","Funf-Stern-K","Die Brautjun","Secret Knowl"
"141","1984","With Cat for","La Sombra de","I Love You S","The Big Book","Adivina Cuan","Orlando: A B","El Medico","El Medico","The Story of"
"142","Illywhacker","The Slippery","Stupid White","A Series of ","Raj","Bridget Jone","Hamlet (The ","The Catcher ","All I Want I","Confessions "
"143","Shopaholic T","84 Charing C","Schindler's ","The Memoirs ","Nip 'n' Tuck","Sister of My","Suzanne's Di","Kiss Mommy G","From strengt","The Lovely B"
"144","Shoeless Joe","The Big Slee","The Long Har","Bed of Nails","The Two Towe","The Return o","Frankenstein","The Death an","The Fellowsh","Dracula (Tor"
"145","Have a Nice ","The Vampire ","Good Omens","Die dunkle S","Die geliehen","Feuer und St","Die Tage vor","Sea of Silve","City of Gold","River of Blu"
"146","Mountain of ","Das Labyrint","Das Parfum: ","Veronika bes","The Razor's ","Screening Pa","Generica","Blindness","An Arrow's F","Flashforward"
"147","Golden Fleec","Hominids (Ne","Wit'ch Storm","Expendable","The Probable","Angels Fligh","Northern Lig","Witch Child","Les Chats de","Barrage Cont"
"148","Harry Potter","La vengeance","La trahison ","The Subtle K","La Cantatric","Les Justes","Kitchen.","Die Menschen","Blinder Pass","Das Schwarze"
"149","Im Interesse","Was ich lieb","Hallo Mister","The Phantom ","ANGELA'S ASH","EQ 2. Der Er","London.","Mansfield Pa","Jane Eyre (E","Time Power: "
"150","Pilgrim at T","Just So Stor","The Modern R","Pride and Pr","Look-Alikes ","Wonderful Li","Maus a Survi","The Sparrow","I Know This ","Prey: A Nove"
"151","Killing the ","One for the ","The Analyst","Double Whamm","Deception Po","The Vanished","Me Talk Pret","Under the Ba","Where the He","Your Money o"
"152","What We Did ","Nursery Rhym","Child of the","Night Watch","The Tenant o","D Is for Dea","How to Inves","The Little T","A Hat Full o","Strata"
"153","Two Dead Gir","Mouse on the","Coffey's Han","Bad Death of","Night Journe","Coffey on th","Black House","The Dead Zon","The Tommykno","Christine"
"154","Thinner","To the Edge ","The Subtle K","Buffy the Va","Buffy The Va","Buffy The Va","Lucifers Ham","The Fall of ","Northern Lig","The Watchers"
"155","The Watcher'","The Thief of","Around the W","The Cybergyp","The Lowest F","Spanky","Roof World","Love All the","I Capture th","Watch Your M"
"156","My Little Bl","The Onion's ","Watership Do","The A-Z Ency","Cannibal Kil","And I Don't ","Stranger Bes","The Lives of","Silence of t","Inside 9-11 "
"157","The Pilot's ","Where the He","The Regulato","Angela's Ash","Harry Potter","Coraline","Smoke and Mi","stardust","The Neverend","Alice's Adve"
"158","Dracula (Oxf","Silence of t","The Catcher ","The Vampire ","The Queen of","The Coming P","The Moonston","Crime and Pu","Alice's firs","Walt Disney'"
"159","The Amber Sp","The Angel of","Once and Fut","Life of Pi","Remnant Popu","Like Water f","Time Out Par","Towing Jehov","Blameless in","The Littles "
"160","The Death Pi","The Random H","Guilty by Re","Lost and Fou","Historical C","The Other Da","The Third Vi","Time Power: ","Pilgrim at T","Just So Stor"
"161","The Modern R","Pride and Pr","Look-Alikes ","Wonderful Li","Maus a Survi","The Sparrow","The Summer T","The Wanderin","The Lord of ","Harry Potter"
"162","Leaves of Fo","Dragon Wing ","Harry Potter","Mr. Perfect","Wizard's Fir","Dragons of A","The Amazing ","Everything I","Player's Han","Enigma"
"163","Enigma: A No","Novocento, U","Tre Cavalli","Lettera a mi","Stupid White","A Wizard of ","Of Marriagea","Peacocks Dan","My French Ki","The Lions of"
"164","The Man in t","Scarlet Feat","One True Thi","Voyager","The Curious ","84 Charing C","Blood and Mo","The Red Tent","The Stand: C","500 Bowls: C"
"165","The Lovely B","Shoeless Joe","The Big Slee","A Time to Ki","The Martian ","Anne Frank: ","Hamlet - Oth","La pitchoune","Un peu plus ","The Valley o"
"166","The Mammoth ","The Plains o","The Shelters","The Clan of ","Aux Fruits d","Manuella: Ro","Michka","I, Elizabeth","Purity in De","The Dragon I"
"167","Small Gods (","Playing the ","Long Dark Te","The Complete","Stark","Country of t","Not the End ","Battle Royal","The Lovely B","Anil's Ghost"
"168","De kloof","One Hundred ","Middlesex: A","To Kill a Mo","The Good Ear","Lolita (Vint","ANGELA'S ASH","Rainbow Six","Timeline","The Hours: A"
"169","Inversions","The Crimson ","Vernon God L","The Romance ","The Bell Jar","Quicker than","South of the","Secret Histo","Whit","Angelica: A "
"170","About a Boy ","The L-shaped","The Old Curi","The Fig Eate","The Subtle K","Northern Lig","Under the Sk","Stargirl","Girl with a ","Mini Sagas"
"171","Swimmer","Dracula (Eye","Avigon","Spawn: Book ","Conceptions ","The Complete","Mind Light","Memory (Vork","Kushiel's Ch","Magic's Pawn"
"172","Magic's Prom","The Silver G","The Rules of","A Prayer for","Tuesdays wit","Alexei Sayle","Breathing Le","Pet Sematary","Origin of Sp","Walden and O"
"173","Flowers for ","The Exes : A","The Indispen","The Grapes o","Four To Scor","The Politics","The Pregnant","The Harp in ","Minimum of T","Reading Magi"
"174","The Song of ","Mother Lode:","Clear Your C","Breastfeedin","Prey: A Nove","Killing the ","One for the ","The Analyst","Double Whamm","Deception Po"
"175","The Vanished","Harry Potter","Northern Lig","Marillion: S","Three Tall W","Inside 9-11 ","Tears of the","Sleepyhead","The Eleventh","Tonight You'"
"176","In the Event","Rosemoore","Mortal Fear","Praying for ","Silent Snow","A Maiden's G","The Adventur","Dude, Where'","The Four Agr","Hearts in At"
"177","Madame Bovar","Life of Pi","Middlesex: A","Middlesex: A","The Fellowsh","The Two Towe","The Return o","How to Marry","Dreams of an","Guardian Ang"
"178","The Perfect ","The Maiden B","Unconditiona","In His Wife'","Another Woma","Harlequin Ro","Splendid","A Secret Lov","The Twelfth ","What Are You"
"179","The Doomsday","The Golfer a","Dare to Drea","Eat That Fro","The March of","Earth Shelte","Orbiting the","SEVEN HABITS","FIRST THINGS","The Hours: A"
"180","Inversions","Eight Hands ","Love in the ","To Kill a Mo","Ishmael","Story of My ","The Alchemis","Whit","Angelica: A ","Interpreter "
"181","Anil's Ghost","A Prayer for","Sense and Se","TRAVELS WITH","Bridget Jone","Dr. Atkins' ","Each Peach P","Fundamentals","Mainline","The World Ac"
"182","Dr. Atkins' ","Bridget Jone","Bird by Bird","Cat's Eye","Uncommon Gro","Mr. Boston :","Dude, Where'","Fat Girls an","The Hidden S","The Mystery "
"183","Nancy's Myst","The Message ","TEXASVILLE (","The North Ru","Pearl Cove (","The Fiery Cr","Portrait of ","Reaching to ","Bloodstream","Drums of Aut"
"184","Call After M","Pigs in Heav","The Bean Tre","Mr. Commitme","Como Agua Pa","Dragon Tears","Mr. Murder","Watchers","Harry Potter","Dark Rivers "
"185","The Last Ava","I Shouldn't ","Days Are Jus","Homicidal Ps","Anne of Gree","Geisha : A L","A Tree Grows","O Pioneers! ","The Ballad o","Gottes Werk "
"186","The North Ru","Pearl Cove (","The Fiery Cr","Portrait of ","Reaching to ","Small Wonder","Popcorn","The Lovely B","Rainbow Six","Timeline"
"187","Angela's Ash","Band of Brot","One Hundred ","The Magician","Complete Chr","Caedmon's So","The Big Pict","Le Tueur ave","L'assassin r","City of Bone"
"188","Deja Dead","Charlie l'im","L'Affaire Be","Le K","Les Thanaton","Die dunkle S","I Hear a Sym","The Endometr","Oscar et la ","Short Cuts. "
"189","Judiths Lieb","Picknick auf","Petrowitsch.","Mister Aufzi","Der Schatten","Mr. Vertigo.","The Coming P","The Moonston","Crime and Pu","Alice's firs"
"190","Walt Disney'","The Amber Sp","The Angel of","Once and Fut","Feather Crow","Prodigal Sum","American God","Das Hotel Ne","Das Kunstsei","Tangram: D. "
"191","Choke","Rollende Ste","Sanft entsch","A Wizard of ","BAGOMBO SNUF","Mein liebes ","Erwachsene r","Wer liebt, h","Das Parfum: ","Mariana."
"192","Picture of D","Ice Candy Ma","Mein Name is","Maus 1. Mein","Die Nebel vo","The Hitchhik","Neverwhere","The Second T","The Copenhag","Dude, Where'"
"193","The Four Agr","Wild Seed","Silas Marner","The Grapes o","The Very Noi","Humphrey's C","This Perfect","The Partner","The Notebook","Master of th"
"194","Seduced By M","Key of Light","Key of Valor","T Zero","Archer's Goo","Thief of Tim","Dogsbody","Year of the ","Dark Lord of","The Eyre Aff"
"195","The Name of ","Zijn bliksem","How to Read ","All the Best","Blue Above t","To Hell and ","Sushi for Be","Sabriel (adu","Red Dwarf","Tully"
"196","Bridget Jone","The Little G","Fight Club","Cyrano De Be","Le Guide gal","Le Combat or","La Maison de","Les Chansons","Cyrano de be","Corelli's Ma"
"197","Je hais les ","Pilgrim","La Vie Mode ","Love Not a R","Surrender (F","Glory (Topaz","Fatal Majest","Forbidden Mo","Eden Rising","The Taming o"
"198","Loving Evang","Veranchetti ","Believe (By ","Summer of Si","Rants","Cunt: A Decl","Yoga for You","Feast of All","A Safe Place","Cry to Heave"
"199","Shopaholic T","Children of ","Dune (Rememb","Neuromancer ","Get Your Ton","Coming Home","A Fortunate ","The Fall (Th","Looking For ","Exploring th"
"200","Homeplace","Fault Lines","September","Winter Solst","Death in Hol","Postmortem","Coastliners ","Timeline","A Prayer for","Tuesdays wit"
"201","Alexei Sayle","Breathing Le","Pet Sematary","Origin of Sp","Walden and O","Flowers for ","The Exes : A","Cyrano De Be","Le Guide gal","Le Combat or"
"202","La Maison de","Les Chansons","Cyrano de be","Corelli's Ma","Soie","Hamlet - Oth","La pitchoune","La trahison ","About a Boy ","Ensayo Sobre"
"203","Our Lady of ","Writing a Wo","The Artful E","Bastard Out ","Shambhala: S","Wind in the ","Tess of the ","The Music of","Animal Farm","If She Shoul"
"204","White Oleand","The Notebook","Pretend You ","The Lovely B","An Opening f","Killing Mr. ","Don't Tell","Have You See","The Dogs of ","The Da Vinci"
"205","Neige","Desert (Foli","Novecento : ","L'hermaphrod","Mr Vertigo","Moon Palace","Le contrat n","Le baron per","The Big Pict","Le Tueur ave"
"206","L'assassin r","Coming Home","Homeplace","September","Winter Solst","Death in Hol","Postmortem","Body of Evid","All That Rem","Unnatural Ex"
"207","Southern Cro","Isle of Dogs","A Tree Grows","Charlotte's ","AGE OF INNOC","Their Eyes W","Communion : ","The Alchemis","Mao II","Dude, Where'"
"208","The Color Pu","The Story of","Eating in Ja","Far Side Gal","Honor Bound ","Schindler's ","Homeland and","The Poisonwo","The Bean Tre","Pigs in Heav"
"209","Reason for H","Blue Highway","EVEN COWGIRL","The Boilerpl","Asta's Book","Pride and Pr","Before I Say","Lamb : The G","C Is for Cor","As a Driven "
"210","Snowball Ora","The Dice Man","The Forgetti","Little Wolf'","Fast Food Na","Forever Peac","A Prayer for","Sense and Se","White Mounta","Charlotte's "
"211","Buddhism for","Night of the","Ringworld","Snow White, ","The Laughing","Dune (Rememb","A Little Pri","Across the R","Anne of Wind","Under the Ha"
"212","Fields of Ho","Jacklight","Lakota Woman","Little Clear","Little Women","Good Wives (","Pride and Pr","I Can Jump P","Midnight in ","The Screwtap"
"213","The Chronicl","The Third Re","The Grapes o","Borneo Log: ","Neverwhere","The Hot Zone","The Lorax","To Kill a Mo","SKINNY LEGS ","Japan: A Bil"
"214","Wicked: The ","The Kiss","Message in a","All I Need t","Orwell's Nin","The Fig Eate","The Promethe","Demolition A","Lamb : The G","Ruins (The X"
"215","The Truth Is","Goblins/Whir","Whirlwind (T","The Official","Antibodies (","The X-Files:","Ruins (The X","The Frenchma","Manhattan Hu","Midnight Voi"
"216","Amusing Ours","Kaffir Boy: ","Bound for gl","Wizard and G","Wolves of th","Hemingway in","Simpson's Ch","I Know This ","Not Without ","The Vagina M"
"217","The Mystery ","Secret Knowl","1984","With Cat for","La Sombra de","The Story of","The Story of","Mr. Palomar","The Selected","Architectura"
"218","Blade Runner","Foucault's P","Diez negrito","The Club Dum","Momo (Spanis","Madame Bovar","Life of Pi","Middlesex: A","Middlesex: A","The Fellowsh"
"219","The Two Towe","The Return o","Lolita (Vint","Taps: A Nove","A Suitable B","The Chronicl","Computers in","I, Claudius:","Claudius the","The Deptford"
"220","The Cornish ","The Red Tent","The Mists of","The Autobiog","Mr. Commitme","Como Agua Pa","Dragon Tears","Mr. Murder","Watchers","Harry Potter"
"221","Dark Rivers ","The Last Ava","I Shouldn't ","Days Are Jus","Homicidal Ps","To Kill a Mo","ANGELA'S ASH","The Spirit C","One Hundred ","The Secret L"
"222","Don't Let's ","Heart of Dar","Wilderness T","The Shipping","Blood Ties (","The Lost Wor","Silence of t","In the Balan","Hannibal","Fish! A Rema"
"223","As Nature Ma","Five Quarter","Martin Sloan","Looking for ","Lullaby: A N","Tomorrow, Wh","Sophie's Wor","A Prayer for","Tuesdays wit","Alexei Sayle"
"224","Breathing Le","Pet Sematary","Origin of Sp","Walden and O","Flowers for ","The Exes : A","The Indispen","The Beauty M","First They K","Tell Me I'm "
"225","The Unwanted","Five","4:50 From Pa","Of Mice and ","The Family R","The Thorn Bi","Echoes","Firefly Summ","To Kill a Mo","Eight Hands "
"226","Love in the ","Interpreter ","To Kill a Mo","Ishmael","Story of My ","The Bean Tre","Mary and the","Balzac and t","The Artist a","Lies and the"
"227","Taps: A Nove","One Hundred ","The Magician","Complete Chr","Caedmon's So","The Outsider","Chocolat","The Borrower","Round Irelan","Four To Scor"
"228","The Seven Di","The Dogs of ","Aquamarine","SHIPPING NEW","Mind Over Mu","The Big Dig:","The Lovely B","The World Be","Local Girls","The Mammoth "
"229","Marked for M","Presumed Inn","A Tree Grows","O Pioneers! ","The Ballad o","Gottes Werk ","LA Peste (Fo","Danse avec l","Le Nom de la","Demain les c"
"230","Cyrano De Be","Acid test","Fight Club","The Flamingo","Kim","Illuminati.","Der Mann mit","Das zweite Z","Tohuwabohu. ","Der Kuss des"
"231","Der Vogelman","Der Kuss des","Herr Lehmann","Die rote Cou","Ringworld","Children of ","To Your Scat","Dune","Stranger In ","Torah: The F"
"232","The Forgetti","Little Wolf'","Roald Dahl's","Silk","The 6 Messia","The Coming P","The Moonston","Crime and Pu","Alice's firs","Walt Disney'"
"233","The Amber Sp","The Angel of","Once and Fut","Sacred Hunge","The Diary of","Double Act","The Wizard H","Latitudes of","The Amber Sp","Watership Do"
"234","Doll's Eyes","Mister Candi","Dr. Ernest D","The Holocaus","Miller's: Pa","Collecting M","A Tree Grows","A Prayer for","Sense and Se","In the Balan"
"235","Hannibal","Silence of t","The Long Har","Have a Nice ","Bed of Nails","If on a Wint","The Vampire ","The Hobbit :","Mr. Commitme","Como Agua Pa"
"236","Dragon Tears","Mr. Murder","Watchers","Harry Potter","Dark Rivers ","The Last Ava","I Shouldn't ","Days Are Jus","Homicidal Ps","The Complete"
"237","Without Fear","Fast Food Na","The Gilded C","The Bourne I","Coraline","Smoke and Mi","stardust","The Neverend","Alice's Adve","Dracula (Oxf"
"238","Rants","Cunt: A Decl","Ring of Brig","Far Side Gal","The Secret L","Succulent Wi","Good Harbor:","Raven Seek T","Tales of the","Sometimes My"
"239","Adrian Mole,","Feast of All","A Safe Place","Cry to Heave","Shopaholic T","Children of ","Dune (Rememb","Neuromancer ","Get Your Ton","Belinda"
"240","Cry to Heave","Mona Lisa Ov","To Kill a Mo","ANGELA'S ASH","A Prayer for","Sense and Se","The Vampire ","The Silmaril","Eragon (Inhe","Girl with a "
"241","A Heartbreak","The Other Bo","Blood of the","Comunicacion","El Codigo Da","The Physicia","Leadership W","Dealing with","The Little O","Guia del Mas"
"242","Dios vuelve ","Relatos Fant","Escarabajos ","Equal Rites ","The Poisonwo","The Complete","Sabriel (The","A Prayer for","White Teeth:","Talking It o"
"243","A Little Pri","Oliver Twist","Hellion","American God","Anti-discrim","Mr. Commitme","Como Agua Pa","Dragon Tears","Mr. Murder","Watchers"
"244","Harry Potter","Dark Rivers ","The Last Ava","I Shouldn't ","Days Are Jus","Homicidal Ps","The Neverend","Mrs Dalloway","The Flowers ","Tell No One"
"245","Beloved","En Attendant","Bridget Jone","Bird by Bird","Cat's Eye","Uncommon Gro","Mr. Boston :","SKINNY LEGS ","Journal De A","A Kiss on th"
"246","The Blue Lot","Garfield Sit","Something Un","Yukon Ho!","Stardust","Paysages de ","Reading the ","Mismeasure o","A Coral Kiss","A Dark Champ"
"247","Fantasy Love","Night Pleasu","Knock Me Off","Night Embrac","Dance With T","Deadly Cares","Kiss of the ","Milk Glass M","Big Stone Ga","Das Parfum: "
"248","Picture of D","Ice Candy Ma","Mein Name is","Die Nebel vo","Der Campus.","Die Outsider","Die Umarmung","Das Relikt. ","Pat of Silve","Gottes Werk "
"249","The Mists of","Dune (Rememb","A Game of Th","White Plume ","Descent into","Queen of the","Elfquest: Wo","Elfquest: Th","Elfquest: Th","Elfquest: Th"
"250","Preacher: Un","Coming Home","The Bear and","The King of ","Homeplace","Fault Lines","September","Winter Solst","Death in Hol","Postmortem"
"251","Body of Evid","All That Rem","The Demon-Ha","Early Auden","Hallucinatin","The Stories ","Ender's Game","The New York","Naked","A Brief Hist"
"252","Universe in ","Into Thin Ai","I Know This ","Measure for ","Three Men in","What-A-Mess ","Pencil Sketc","Musashi","Junky","The Rough Gu"
"253","Three Men in","Crossing the","New Windmill","1956 and all","The Lovely B","The Book of ","Doomsday Boo","Atlas Shrugg","Crystal sing","From the Dus"
"254","Dead Men Do ","The Professo","The Picture ","The Olive Fa","The Future o","Sasha's Tric","The Dark Hig","Saving Grace","Beyond Forev","The Challeng"
"255","Holding the ","Tapestry","Reckless","The Bride","Honor's Sple","The WEDDING","Song of the ","How I Saved ","Cuckoo's egg","A Place for "
"256","The illustra","Starmen of L","Have space s","Foundation a","The Goblin M","Moon Is Hars","Captain Unde","Harri Potter","A Tree Grows","O Pioneers! "
"257","The Ballad o","Gottes Werk ","One Hundred ","The Magician","Complete Chr","Caedmon's So","The Outsider","Chocolat","The Valley o","The Mammoth "
"258","The Plains o","The Shelters","The Clan of ","Aux Fruits d","Manuella: Ro","Michka","E = MC2, mon","Le Jour des ","L'Ecume Des ","With Thanks "
"259","Bridget Jone","A Heartbreak","In Cold Bloo","The Land of ","Girl with a ","Eats, Shoots","Confessions ","The Whale Ri","Wuthering He","Jane Eyre (P"
"260","Rubber Chick","Lucky Man: A","Golf on the ","Love in the ","Illywhacker","The Slippery","Stupid White","A Series of ","Raj","Bridget Jone"
"261","Hamlet (The ","The Catcher ","All I Want I","Confessions ","LA Desa Pari","LA Excursion","LA Nocheviej","Mi familia y","Como Cazar a","La Extraordi"
"262","Pleamares de","El Misterio ","Telon","LA Vida, El ","LA Perla","Frau mit dre","American Psy","Venusneid.","Der Alchimis","Felidae. Rom"
"263","Die Bibel na","Dr Murkes Ge","Die Verbrech","Die Erfindun","Die Frau mit","Bored of the","Mind Light","Memory (Vork","Kushiel's Ch","Magic's Pawn"
"264","Magic's Prom","The Silver G","Picture of D","The Secret L","Truly, Madly","French Silk","Envy","The illustra","American God","Harry Potter"
"265","Lonely Plane","The Lord God","Vet in harne","Grave Secret","Bare Bones :","The Pilot's ","Harry Potter","Echo Burning","The Complete","An Ice-Cream"
"266","Black Like M","SEA THE SEA","A Little Pri","Oliver Twist","Hellion","Watership Do","The Worst Wi","The Worst Wi","A Bad Spell ","The Art of L"
"267","High Fidelit","A Short Guid","Gon on Safar","Fight Club","L'Etranger (","Journal De A","Awakenings","El anatomist","Animal Farm","Giant Steps "
"268","Comunicacion","El Codigo Da","Relatos Fant","Escarabajos ","Los Pilares ","Boy (Relatos","Volando Solo","La espada y ","Noche De Vie","No Pidas Sar"
"269","Rebeldes","The Demon-Ha","Early Auden","Hallucinatin","The Coming P","The Moonston","Crime and Pu","Alice's firs","Walt Disney'","The Amber Sp"
"270","The Angel of","Once and Fut","LA Peste (Fo","Danse avec l","Le Nom de la","Demain les c","Cyrano De Be","Acid test","Fight Club","Hannibal (Fr"
"271","Le Concile D","Mort d'un tr","Le Silence d","Dissecting M","Madame Bovar","Life of Pi","Middlesex: A","Middlesex: A","The Fellowsh","The Two Towe"
"272","The Return o","Lolita (Vint","The Talented","The Stars My","Life of Pi :","The Subtle K","Black Sabbat","Great Thinke","The First Fo","In America"
"273","The Romantic","The Crucible","Boots of Lea","On the Road ","Alice's Adve","A Prayer for","Sense and Se","The Screwtap","The Chronicl","The Third Re"
"274","The Grapes o","Borneo Log: ","Neverwhere","The Hot Zone","The Lorax","To Kill a Mo","Mr. Commitme","Como Agua Pa","Dragon Tears","Mr. Murder"
"275","Watchers","Harry Potter","Dark Rivers ","I Shouldn't ","Days Are Jus","Homicidal Ps","Something Un","Mr. Commitme","Como Agua Pa","Dragon Tears"
"276","Mr. Murder","Watchers","Harry Potter","Dark Rivers ","The Last Ava","I Shouldn't ","Days Are Jus","Homicidal Ps","LA Connectio","Chidori (Cer"
"277","Ashes of the","Perrine's St","FIRST KNIGHT","Dragonheart","Troika (Indi","El Alquimist","The Neverend","And Then The","Zoya","The Amber Sp"
"278","Inferno (Ind","Infanta (Ind","Nocturne (In","Avatar (Indi","Revenant (Bo","Bloodsucking","Lamb : The G","Doomsday Boo","Pay It Forwa","Notes to Mys"
"279","Naked","A Brief Hist","Universe in ","Into Thin Ai","Paula","Blindness","Hideaway","The SIDS Sur","Complete Wor","Have a Nice "
"280","Foley Is Goo","The Simpsons","Foley is Goo","Plane Insani","Gladly the C","Dave Barry D","Different Se","The illustra","The Lord God","Vet in harne"
"281","Grave Secret","Bare Bones :","Must Love Do","Misery","Music of the","Vengeance of","The Girls' G","The Red Tent","Extension Du","The New York"
"282","Naked","A Brief Hist","Universe in ","Into Thin Ai","In My Brothe","Mirror in th","One Hundred ","Middlesex: A","To Kill a Mo","Fremde Feder"
"283","Mord.","Selbs Justiz","Die im Dunke","Der Hahn ist","Letzter Auft","Die Detektiv","Hunger (Peng","Terror and L","AGE OF INNOC","Their Eyes W"
"284","Communion : ","The Alchemis","Mao II","Anne Frank: ","The Color Pu","The Story of","Eating in Ja","As Nature Ma","The Memoirs ","Nip 'n' Tuck"
"285","Sister of My","Suzanne's Di","Kiss Mommy G","From strengt","Pride and Pr","The Land of ","Girl with a ","Eats, Shoots","Monsieur Ren","The Ice Peop"
"286","Lady of Aval","TouchPoints ","Kitchen Orga","The Secret L","Truly, Madly","French Silk","Envy","Bodyguard","Born in Fire","The Crimson "
"287","Vernon God L","The Romance ","Die dunkle S","Hin und weg.","Und dann bis","Die Reise Na","Friedhof der","Das Gesetz d","Endstation V","Nobilta. Com"
"288","The New York","Hermit in Pa","Schindler's ","LA Metamorfo","Disgrace","Fear and Tre","Madame Bovar","Selected Tal","Death in Ven","The Book of "
"289","The Waves","Comunicacion","El Codigo Da","Relatos Fant","Escarabajos ","Como Agua Pa","Jabones Liqu","Wok (Cocina ","Sushi (Cocin","Ensaladas (C"
"290","Pescado y ma","Cocina veget","Les quatre v","La grande a ","Les Bonbons ","Charlie Et L","Geisha (Fren","Cyrano de Be","Emma (Pengui","Selected Poe"
"291","Memoires D'U","Fanfan","Tout le mond","The Demon-Ha","Early Auden","Hallucinatin","The Neverend","Mrs Dalloway","The Flowers ","Tell No One"
"292","Beloved","En Attendant","I Know This ","Thief of Tim","The Hours: A","Inversions","The Stories ","Ender's Game","Girl with a ","The Alchemis"
"293","Whit","Angelica: A ","Life of Pi","Middlesex: A","Silk","Carrie","Cujo.","Ich schenk D","Lorettas let","Der Green Mi"
"294","Alles ist ni","Der Club der","Henry dreht ","Das Superwie","Baby, Don't ","Time Power: ","Pilgrim at T","Just So Stor","The Modern R","Pride and Pr"
"295","Look-Alikes ","Wonderful Li","Maus a Survi","The Sparrow","The Summer T","The Wanderin","Troika (Indi","El Alquimist","The Neverend","And Then The"
"296","Zoya","The Amber Sp","Inferno (Ind","Infanta (Ind","Nocturne (In","Avatar (Indi","Revenant (Bo","The Demon-Ha","Early Auden","Hallucinatin"
"297","The Chosen","Rich Mullins","The Non-Desi","I Know This ","Thief of Tim","Feet of Clay","Daddy-Long-L","Spirits of t","The Surgeon","The Bell Jar"
"298","Quicker than","South of the","Secret Histo","Rachel's Hol","Human Stain","The Right to","Mary Stuart ","The Loved On","Madame Bovar","Shell Seeker"
"299","Hard Time (V","Devices and ","Mrs. Pollifa","The Secret L","The Stand (T","The Green Mi","The Mammoth ","The Shelters","The Clan of ","Aux Fruits d"
"300","Le Doiat Mag","Tom Tom et N","L'Etranger (","Journal De A","La trahison ","Les Thanaton","The Valley o","The Mammoth ","The Plains o","The Shelters"
"301","The Clan of ","Brunelleschi","In the Victo","Magical Arom","Harry Potter","Understandin","Chicago: A G","Psychology","The Complete","HTML 4.0 CD "
"302","Route 66 Pos","The Fortune ","Sense and Se","Lonesome Dov","TEXASVILLE (","Lloyd George","The Lion, th","Prince Caspi","The Voyage o","The Magician"
"303","And the Band","Bridget Jone","The Secret G","Madame Bovar","Life of Pi","Middlesex: A","Middlesex: A","The Fellowsh","The Two Towe","The Return o"
"304","Lolita (Vint","The Talented","The Stars My","Picture of D","High Fidelit","Phantoms in ","Le Vieil Hom","Douze contes","Neverwhere","Changing Pla"
"305","Vendredi Ou ","Au sud de nu","Je t'aime : ","Stupeur Et T","Les Amants d","Les fourmis:","Les Piliers ","Stupeur Et T","Les nourritu","La Douce emp"
"306","Le jour des ","Metaphysique","Le Pianiste:","Vie et passi","La Carta Esf","La Ville des","The Coming P","The Moonston","Crime and Pu","Alice's firs"
"307","Walt Disney'","The Amber Sp","The Angel of","Once and Fut","The Secret L","House of San","Shopaholic T","Code to Zero","Hemingway in","Monstrous Re"
"308","Sons of Fort","Warlock","The King of ","Reaper Man","The People N","Mount Dragon","The Piano Ma","A Time to Ki","The Lost Con","Haroun and t"
"309","Thirty-nothi","Bridget Jone","Notes from a","Coraline","Farewell, My","King Henry I","HENRY IV PAR","Candide, Or,","High Fidelit","Ringworld"
"310","Children of ","To Your Scat","Dune","Stranger In ","Torah: The F","The Samurai:","Stupid White","That's Incur","Citizen of t","Protector"
"311","Last Chance ","Autobiograph","Roll of Thun","Shadow of th","Real Men Tal","For Every Do","The Legacy o","White Oleand","Secrets of t","The Silent S"
"312","I Was a Teen","T Zero","Archer's Goo","Thief of Tim","Dogsbody","Year of the ","Dark Lord of","The Eyre Aff","The Baron in","Cosmicomics "
"313","The Nonexist","Alice's Adve","Inside 9-11 ","Solo's journ","Suitable for","The Forgetti","Little Wolf'","Fast Food Na","Roald Dahl's","Silk"
"314","Watership Do","The 6 Messia","Pearls Befor","Coastliners ","Timeline","The Pianist:","Into the Gre","Mayada, Daug","ROGUE WARRIO","The Bamboo C"
"315","Into the Arm","One Hundred ","The Seville ","Chronicle of","The Razor's ","Screening Pa","Hamlet (The ","American Pie","Cats Eye","Generica"
"316","Blindness","An Arrow's F","Flashforward","Golden Fleec","Hominids (Ne","Time Power: ","The King's E","Berlin Game","The Golden C","Kleins Compr"
"317","The Skeptica","Vertical Run","New Selected","Starship Tro","Swimming Mad","River God","Illuminati.","To Kill a Mo","Die letzte Z","Die Brautjun"
"318","Das Lacheln ","Matchball in","Wunschkonzer","The Ice Hous","The Secret A","Solange es h","Die Klinik.","The Hours: A","Inversions","The Mysterie"
"319","Whit","Angelica: A ","Stardust","Love in the ","Savage Love:","Veronika Dec","The Elements","The Weight o","The Girls' G","Over de rege"
"320","Schoftentuig","Frankenstein","Bedtime Leun","River God","Cooking With","Stargirl (Or","The Bell Jar","The Outsider","The Eyre Aff","On a Wicked "
"321","The Matchmak","Latimore Bri","Eye Of The T","Loveplay (Si","His Girl Fri","Get Lucky (T","King'S Ranso","Maggie'S Dad","Blow Your Ho","Night Bells "
"322","Ring of Brig","The Coming P","The Moonston","Crime and Pu","Alice's firs","Walt Disney'","The Amber Sp","The Angel of","Once and Fut","The Secret L"
"323","Succulent Wi","The Lost Wor","The Samurai'","Tara Road","J Is for Jud","I Is for Inn","Nighttime Pa","Wish You Wer","The Vegan Co","The Angel Ch"
"324","GARDEN OF SH","Heaven (Cast","84 Charing C","Forever Peac","Small Wonder","Popcorn","White Mounta","Charlotte's ","Buddhism for","The Red Tent"
"325","Night of the","Ringworld","Snow White, ","Kim.","The Da Vinci","The Thirty-N","Die Entdecku","Der schwarze","The Heart Is","AT PARADISE "
"326","Ausgrenzung.","Und Nietzsch","The Educatio","Nachwelt: Ei","The Demon-Ha","Early Auden","Hallucinatin","The Grapes o","I Know This ","Thief of Tim"
"327","Feet of Clay","Daddy-Long-L","Spirits of t","The Complete","Complete Sho","Luces De Boh","Paula","Afrodita: Cu","Life of Pi","Caligula: Th"
"328","It","American Psy","New Vegetari","Apocalipsis","El Libro de ","El Hombre En","The Neverend","Mrs Dalloway","The Flowers ","Tell No One"
"329","Beloved","En Attendant","Je voudrais ","Le Moineau d","Le Cycle d'E","The Valley o","The Mammoth ","Motin del Bo","Demian","El lobo este"
"330","1984 (Spanis","Manhattan","Atlas De Geo","Daughter of ","Rachel Ashwe","Shabby Chic","The New Dark","An unfinishe","The Lovely B","The Book of "
"331","Doomsday Boo","Life of Pi :","Crystal sing","From the Dus","Dead Men Do ","The Year's B","The Ship Who","The Ragged W","Harry Potter","Ringworld"
"332","Children of ","To Your Scat","Dune","Stranger In ","Torah: The F","A Prayer for","Tuesdays wit","Alexei Sayle","Breathing Le","Pet Sematary"
"333","A Prayer for","Sense and Se","Exploring th","The Ransom G","Murder on th","Mom, Apple P","I Is for Inn","D Is for Dea","F Is for Fug","Grand Avenue"
"334","Death of a M","Die Magie de","Ruhig Blut. ","Shadowrun. D","Little Women","Flashing Ste","Das Lacheln ","Geschichte d","Die abenteue","Monsun oder "
"335","Wie Spucke i","Das entschwu","Double Stand","Paradise","The Bad Begi","The Reptile ","The Wide Win","The Miserabl","The Austere ","The Ersatz E"
"336","The Vile Vil","The Hostile ","The Twits (P","Troika (Indi","El Alquimist","The Neverend","And Then The","Zoya","The Amber Sp","Inferno (Ind"
"337","Infanta (Ind","Nocturne (In","Avatar (Indi","Revenant (Bo","The Neverend","Mrs Dalloway","The Flowers ","Tell No One","Beloved","En Attendant"
"338","The Lost Con","Thirty-nothi","Bridget Jone","Notes from a","Coraline","Nine Innings","La Fiesta de","NADA","Cold Mountai","Crow Lake (T"
"339","Coraline","The Penguin ","Para averigu","About a Boy","The Perfect ","Kiss the Gir","Los Batautos","El sabueso d","The Last Her","Los Mitos de"
"340","Momo (Spanis","En El Circul","Aikido O La ","Confesiones ","Immortal: Bu","Harry Potter","Viajes Al Ot","High Fidelit","Ubik","Un peu plus "
"341","Animal Farm","Cantique de ","Le Monde de ","Oh, boy!","L'enfant du ","Phantoms in ","Le Vieil Hom","Douze contes","Wuthering He","A Little Pri"
"342","Across the R","Anne of Wind","Under the Ha","Fields of Ho","Silence of t","Girl With a ","Captain Core","Hooking Up","Bloom","A Crown of S"
"343","Warlock","Here Comes G","Garfield Wor","City of Joy","The Bungalow","Criminal Sed","Lord of the ","Fat Woman Ne","Deception Po","One Hundred "
"344","Mr. Commitme","Como Agua Pa","Dragon Tears","Mr. Murder","Watchers","Harry Potter","Dark Rivers ","The Last Ava","I Shouldn't ","London: Plac"
"345","Time Power: ","Dream Countr","Signal to No","The Catcher ","The Secret L","Truly, Madly","French Silk","Envy","Bodyguard","Born in Fire"
"346","Key of Valor","Heartbreaker","A Son of the","A Widow for ","Anil's Ghost","The Flanders","Midnight in ","Orchid Fever","Checkmate : ","The Club Dum"
"347","Boy Meets Gi","Beauty Fades","I Know This ","Club de la b","Cronica Del ","Paula","Afrodita: Cu","Life of Pi","Caligula: Th","It"
"348","American Psy","New Vegetari","Apocalipsis","El Libro de ","A Tree Grows","O Pioneers! ","The Ballad o","Gottes Werk ","Haroun and t","The Curious "
"349","Momo.","Das Lied der","Spiegelzeit.","The Hitchhik","Neverwhere","Exploring th","Watch Your M","My Little Bl","The Onion's ","Qbasic by Ex"
"350","The Ransom G","Murder on th","Mom, Apple P","I Is for Inn","D Is for Dea","F Is for Fug","Silence of t","The Tragedy ","In the Balan","Hannibal"
"351","The Poisonwo","The Neverend","Into Thin Ai","Harry Potter","The Bridges ","The Reef","Sweet Reveng","The Stories ","Troika (Indi","El Alquimist"
"352","The Neverend","And Then The","Zoya","The Amber Sp","Inferno (Ind","Infanta (Ind","Nocturne (In","Avatar (Indi","The Fellowsh","The Two Towe"
"353","The Return o","The Virgin S","Die Musche -","Total verhex","Reise zwisch","Jenseit des ","Der Besuch d","Das letzte O","Die wei????e","Small World"
"354","The Communis","Oscar Wilde ","Tu Sexo Es T","Romancero Gi","Lion, the Wi","Prince Caspi","Voyage of th","The Family T","New Selected","Hitchhikers'"
"355","Coraline","Dear Dad: Le","Time Power: ","Pilgrim at T","Just So Stor","The Modern R","Pride and Pr","Look-Alikes ","Wonderful Li","Maus a Survi"
"356","The Sparrow","The Girls' G","The Origins ","Pride and Pr","Bleak House ","Floddertje","The Worst Wi","The Worst Wi","A Bad Spell ","Madame Bovar"
"357","New Oxford B","Pagan Kenned","Coming Home","Homeplace","Fault Lines","September","Winter Solst","Death in Hol","Postmortem","Body of Evid"
"358","All That Rem","Unnatural Ex","Southern Cro","Stupid White","Gulliver's T","Gulliver's T","Catch 22","A Prayer for","Tuesdays wit","Alexei Sayle"
"359","Breathing Le","Pet Sematary","Origin of Sp","Walden and O","Time Power: ","Pilgrim at T","Just So Stor","The Modern R","Pride and Pr","Look-Alikes "
"360","Wonderful Li","Maus a Survi","The Sparrow","The Summer T","The Wanderin","Song of the ","How I Saved ","Cuckoo's egg","A Place for ","The Bad Begi"
"361","The Reptile ","The Wide Win","The Miserabl","The Austere ","The Ersatz E","The Vile Vil","52 Deck Seri","Dune Messiah","Chapterhouse","Briefe gegen"
"362","Imajica","White Plague","Endymion","The Thirty-N","SHIPPING NEW","Welcome to t","Jadeite","About a Boy ","Ensayo Sobre","The Princess"
"363","Dr. Atkins' ","Each Peach P","Fundamentals","Mainline","The World Ac","Dr. Atkins' ","The Bunny Bo","Finn Family ","The Princess","As Nature Ma"
"364","Five Quarter","Martin Sloan","Looking for ","Lullaby: A N","Tomorrow, Wh","Sophie's Wor","Everything a","Fish! A Rema","Complete Poe","La Increible"
"365","Memorias de ","Agnes Grey","Jane Eyre","Carol","La Faute De ","The Beet Que","The House of","Of Marriagea","Peacocks Dan","My French Ki"
"366","The Lions of","The Man in t","Scarlet Feat","One True Thi","Voyager","The Curious ","Once Minutos","The Golden R","Le maschere:","Cuentos Comp"
"367","The Shape of","Wuthering He","M and M: A T","Postmortem (","Where Are th","Shinju","TRAVELS WITH","Bridget Jone","The Promethe","Demolition A"
"368","Lamb : The G","The Last Det","The Time Mac","Neuromancer ","Dude, Where'","Blood Work","The Hearing","Manana en la","LA Granja (P","Las torturas"
"369","Alice in La-","Harry Potter","The Animals ","Congreso de ","Erecciones, ","Junky","Fahrenheit 4","Glamorama (V","Vimy","Virtue of Se"
"370","Anthem","Mythology","American Psy","Fountainhead","Sandman","The Te of Pi","Power That P","Lord Foul Ba","Sorcerers of","Abhorsen (Th"
"371","The Vampire ","Shattered Mi","Hawksong : T","Harry Potter","Harry Potter","Bilbo, Le Ho","Sailor Moon,","The Lost Con","Haroun and t","Thirty-nothi"
"372","Bridget Jone","Notes from a","Coraline","Farewell, My","King Henry I","HENRY IV PAR","Candide, Or,","High Fidelit","The Living G","The Princess"
"373","Lamb : The G","Thieves in H","Got War? : A","Enough: Stay","Tears of the","Pigs at the ","I Have to Se","Foo (Annikin","Then and Now","Small World"
"374","The Communis","Oscar Wilde ","Tu Sexo Es T","Romancero Gi","The Lovely B","The Handmaid","Guilty Pleas","In Search of","The History ","Selected Poe"
"375","When the Win","The Adventur","Pride and Pr","Winding Path","The Tale of ","The Diving B","How to Turn ","Portrait of ","Fried Green ","Night"
"376","The Hobbit","One True Thi","Larry's Part","The Art of M","The Helene C","Selected Pro","Love : Ten P","Cyrano De Be","The Neverend","Mrs Dalloway"
"377","The Flowers ","Tell No One","Before and A","Green River ","Rock 'N' Rol","Catfantastic","Shinju","Pride and Pr","The Last Don","Omerta"
"378","Searching fo","Drive by Sho","A Dark Champ","Fantasy Love","Night Pleasu","Knock Me Off","Night Embrac","Dance With T","The New York","Hermit in Pa"
"379","Schindler's ","LA Metamorfo","Mecanoscrit ","Disgrace","Fear and Tre","Madame Bovar","Selected Tal","Death in Ven","The Book of ","Anne of Gree"
"380","Geisha : A L","Ringworld","Children of ","To Your Scat","Dune","Stranger In ","Torah: The F","The God of S","The New York","Hermit in Pa"
"381","Blood Lust: ","Song of the ","How I Saved ","Cuckoo's egg","A Place for ","The Lovely B","Starmen of L","Have space s","Foundation a","The Goblin M"
"382","Moon Is Hars","Next Week Wi","Gravelight","Devil's Drea","Rebecca","The Demon-Ha","Inside 9-11 ","Dr. Atkins' ","Each Peach P","Fundamentals"
"383","Mainline","The World Ac","The Associat","Hot Six : A ","A Place Call","Bourne Ident","The Boy Next","Mary, Called","Arranged Mar","We Were the "
"384","House of Ech","Pride and Pr","Eight Hands ","The Razor's ","Screening Pa","Time Power: ","Pilgrim at T","Just So Stor","The Modern R","Pride and Pr"
"385","Look-Alikes ","Wonderful Li","Maus a Survi","The Sparrow","Ringworld","Children of ","To Your Scat","Dune","Stranger In ","Torah: The F"
"386","Mind Light","Memory (Vork","Kushiel's Ch","Magic's Pawn","Magic's Prom","Backcountry ","Blind Man's ","The Glorious","Firepower","Observer's W"
"387","Bluejacket: ","Snowboarding","Lonely Plane","The Jungle B","The Wordswor","India by Rai","The Professo","The Picture ","The Olive Fa","The Future o"
"388","Accidental T","Pattern Reco","The Celestin","Half Asleep ","Still Life w","The Social L","My Dog's the","Shell Seeker","Walks in Ger","Angel"
"389","Hard Time (V","Devices and ","Mrs. Pollifa","The Valley o","The Te of Pi","Johnny Got H","A Short Walk","Doctor De So","Ring of Brig","Bridget Jone"
"390","A Heartbreak","In Cold Bloo","The Secret L","Succulent Wi","Raven Seek T","Our Lady of ","Writing a Wo","The Artful E","Bastard Out ","Mr. Commitme"
"391","Como Agua Pa","Dragon Tears","Mr. Murder","Watchers","Harry Potter","Dark Rivers ","The Last Ava","I Shouldn't ","Days Are Jus","Homicidal Ps"
"392","Dreams Made ","Lonely Plane","Making-Sense","Contacting Y","Sylvia Brown","Conversation","God, Creatio","Moses in the","Gathering Pr","Illusions"
"393","Wise Child","To the Edge ","Everything: ","Wild Magic (","About a Boy ","The L-shaped","Route 66 Pos","Living Well ","Wizard of Oz","The Cunning "
"394","The Memoirs ","The Amber Sp","Hamlet (The ","A Prayer for","Sense and Se","American Pie","Cats Eye","Dagmar's Dau","The Lion, th","Prince Caspi"
"395","The Horse an","The Voyage o","The Last Bat","Die Einkreis","Die Midkemia","Die Midkemia","Die geliehen","Feuer und St","Venusneid.","Die Midkemia"
"396","Im Eishaus. ","Engel der Fi","Champagner u","The Book of ","Time Power: ","Pilgrim at T","Just So Stor","The Modern R","Pride and Pr","Look-Alikes "
"397","Wonderful Li","Maus a Survi","The Sparrow","The Summer T","The Wanderin","The Coming P","The Moonston","Crime and Pu","Alice's firs","Walt Disney'"
"398","The Angel of","Once and Fut","Cats and The","The Amber Sp","The Forgetti","Little Wolf'","Red Earth an","One Hundred ","The Magician","Complete Chr"
"399","Caedmon's So","Chocolat","The Borrower","Round Irelan","Four To Scor","The Seven Di","The Dogs of ","The Princess","As Nature Ma","Five Quarter"
"400","Martin Sloan","Looking for ","Lullaby: A N","Tomorrow, Wh","Sophie's Wor","Everything a","Fish! A Rema","Complete Poe","Das Parfum: ","Kleines Lexi"
"401","Tanz der Hex","Hexenstunde.","Die Mayfair-","Geschichte m","Tagebuch","Trotz allede","Diederichs G","James Dean, ","Hunderassen ","Bloodsucking"
"402","Lamb : The G","Doomsday Boo","Pay It Forwa","Notes to Mys","Small World","The Communis","Oscar Wilde ","Tu Sexo Es T","Romancero Gi","The Tiger in"
"403","The Wishsong","Dark Lord of","Servant of t","Every Living","Sword of Sha","FORBIDDEN GA","Split Skirt","Great Expect","My Utmost fo","A Fresh Star"
"404","Daydreams an","All Creature","Equal Love","Jesus Among ","The Pursuit ","Knowledge of","Bridge to Te","Homecoming","The Dogs of ","Aquamarine"
"405","SHIPPING NEW","Complete Wor","Have a Nice ","Foley Is Goo","The Simpsons","Foley is Goo","Plane Insani","Gladly the C","Dave Barry D","Unnatural Ex"
"406","He Died with","Letter to Da","Please Mrs B","Masquerade","The Long Roa","The Serial: ","IN SOUTHERN ","Corinthian","Wuthering He","Jane Eyre (P"
"407","Mr. Commitme","Como Agua Pa","Dragon Tears","Mr. Murder","Watchers","Harry Potter","Dark Rivers ","The Last Ava","I Shouldn't ","London: Plac"
"408","Time Power: ","When the Win","A Hat Full o","Strata","Maskerade","Cooking With","Spring Moon ","The Lovely B","Noughts and ","Other People"
"409","Birdman","Holes (Yearl","84 Charing C","Dubliners (T","Thousand Cra","Ring of Brig","Shoeless Joe","The Big Slee","The Firm","A Time to Ki"
"410","The Martian ","Anne Frank: ","The Iowa Bas","Der Vorleser","Die Scheiben","High noon: E","Sister Carri","Mansfield Pa","Up from Slav","The Discover"
"411","Memories of ","Children of ","Hood and Bis","Canada's Nav","Anne Frank: ","Affirmations","Dogs (Andrew","Mariana.","Sofies Welt","I Hear a Sym"
"412","The Endometr","Oscar et la ","Short Cuts. ","Small World.","Judiths Lieb","Picknick auf","Petrowitsch.","Mister Aufzi","The Lovely B","The Memoirs "
"413","Nip 'n' Tuck","Sister of My","Suzanne's Di","Kiss Mommy G","From strengt","To Cut a Lon","Rainbow Six","Timeline","Angela's Ash","Ghosts"
"414","When Elephan","Timequake","Slaughterhou","Heidi","One Flew Ove","Cecily Parsl","Whales: Dolp","The Art of E","Paper Bag Pr","Mortimer (Mu"
"415","Forever Ambe","Of Marriagea","Peacocks Dan","My French Ki","The Lions of","The Man in t","Scarlet Feat","One True Thi","Voyager","The Curious "
"416","Atonement : ","Small Gods (","Playing the ","Long Dark Te","The Complete","Stark","Country of t","Not the End ","Battle Royal","Red Dwarf"
"417","Better Than ","Once","Auf dem Jako","Hannibal","No fat - Koc","Der Faun.","Andalusien. ","Der Geliebte","Zwielicht.","BORDERS FOR "
"418","Capitals for","Using Callig","THINKING IN ","Autumn of th","Body for Lif","Santa Calls","The Christma","Jerry Garcia","Leaf Storm (","Collected No"
"419","Collins Bird","The black mo","The BLACK MO","Up the Line ","Love Like Ha","Complete Chr","Jane Eyre (P","The Wild Par","Dance of Lif","Women's Ways"
"420","The angry ti","The Four Agr","Dude, Where'","The Notebook","Master of th","Angela's Ash","Manifesto fo","The Brethren","I Know This ","Charlotte's "
"421","Julie of the","Great Expect","The Associat","Hot Six : A ","Bourne Ident","The Pianist:","Into the Gre","Mayada, Daug","ROGUE WARRIO","The Bamboo C"
"422","Into the Arm","Nickel Mount","The Pelican ","Intensity","Mercy","Some Can Whi","Footprints o","The Moon of ","Collins Gem ","The Weirdsto"
"423","5 Easy Steps","Tarot","Wicca","Druidry","Rayuela","62 Modelo Pa","La Caverna","En LA Coloni","42 Poemas - ","Los Lagartos"
"424","El Cuarto De","The Prince o","The Girlfrie","A Fortunate ","The Fall (Th","Looking For ","The Lion, th","My Family an","Strange Fits","The Magic Pu"
"425","The Sands of","The Great Gh","Access All A","No One Left ","Last Summer ","Coraline","The Minds of","Death: The H","Death : The ","The Wrong Ma"
"426","Sights Unsee","Vinegar Hill","The Kennedys","Why weren't ","Chickenhawk","India: A Mos","Mirage","The Alchemis","Small World","The Communis"
"427","Oscar Wilde ","Tu Sexo Es T","Romancero Gi","The Presiden","Lion House D","Sacred Sex: ","Sisterchicks","Powers That ","Lady Knight ","Philosophica"
"428","Frankenstein","A Thousand P","Lamb : The G","Where the He","Dispatches","Briar Rose","How Children","Living Lovin","Clay Machine","Tapping the "
"429","The Spellson","Snow Crash","Say You Love","Rhaeva","The Wishsong","The Lark and","A Point of H","Before and A","Dave Barry H","Real Sex: Ti"
"430","The Vampire ","Les Fourmis","Troika (Indi","El Alquimist","The Neverend","And Then The","Zoya","The Amber Sp","Inferno (Ind","Infanta (Ind"
"431","Nocturne (In","Avatar (Indi","Your Money o","What We Did ","Nursery Rhym","Collins Bird","Up the Line ","TRAVELS WITH","Child of the","Night Watch"
"432","A Hat Full o","The Tenant o","D Is for Dea","Access All A","No One Left ","Last Summer ","Coraline","The Virgin S","The Minds of","Death: The H"
"433","Death : The ","Lucky : A Me","The Wrong Ma","Sights Unsee","The Vile Vil","The Hostile ","The Twits (P","Letters from","A Walk to Re","Princess Dia"
"434","Love and Mar","My Point...A","BAG OF BONES","Harry Potter","Harry Potter","Time Power: ","Pilgrim at T","Just So Stor","The Modern R","Pride and Pr"
"435","Look-Alikes ","Wonderful Li","Maus a Survi","The Sparrow","The Summer T","The Wanderin","Scarecrow","Teranesia","Darkness, Ta","Numbered Acc"
"436","Good Omens","I Is for Inn","Neanderthal:","Icebound","Lone Eagle","The Kiss","Answered Pra","The Razor's ","Screening Pa","Scoundrel Ti"
"437","Generica","Blindness","An Arrow's F","Flashforward","Golden Fleec","Hominids (Ne","Wit'ch Storm","Expendable","A Fortunate ","The Fall (Th"
"438","Looking For ","Small Wonder","Popcorn","Great Expect","My Utmost fo","A Fresh Star","The Lion, th","My Family an","Strange Fits","Coming Home"
"439","4:50 From Pa","Of Mice and ","The Family R","The Thorn Bi","Echoes","To Kill a Mo","The Bobbsey ","The Bobbsey ","The Bobbsey ","Cashelmara 2"
"440","Madame Bovar","Life of Pi","Middlesex: A","Middlesex: A","The Fellowsh","The Two Towe","The Return o","Lolita (Vint","The Talented","The Stars My"
"441","Picture of D","The Dream Ma","Manifold: Ti","Manifold: Sp","Prelude to F","Hacker's Her","Dune (Rememb","The Ultimate","More Than Co","The Gap into"
"442","A Dark and H","Chaos and Or","The Living G","The Princess","Lamb : The G","Thieves in H","Got War? : A","Enough: Stay","Tears of the","Pigs at the "
"443","I Have to Se","Foo (Annikin","Then and Now","Shell Seeker","Elf Defense","Tea with the","Summon the K","The Dogs of ","Aquamarine","SHIPPING NEW"
"444","Richard Scar","Hard Time (V","Devices and ","Mrs. Pollifa","I, Elizabeth","Far Side Gal","Coraline","The Minds of","Death: The H","Death : The "
"445","The Poisonwo","The Edible W","This Perfect","The Fifth Sa","By the Light","Forever Peac","White Mounta","Charlotte's ","Buddhism for","The Red Tent"
"446","Night of the","Ringworld","Snow White, ","The Laughing","Dune (Rememb","Dave Barry D","Mr. Commitme","Como Agua Pa","Dragon Tears","Mr. Murder"
"447","Watchers","Harry Potter","Dark Rivers ","The Last Ava","I Shouldn't ","Days Are Jus","Homicidal Ps","Elf Defense","Tea with the","Summon the K"
"448","Junky","Fahrenheit 4","Glamorama (V","Vimy","Virtue of Se","Anthem","Mythology","Johnny Got H","Around the W","The Cybergyp"
"449","The Lowest F","Spanky","Roof World","Love All the","I Capture th","Humans (Nean","The Diary of","Double Act","The Man from","The Neverend"
"450","Mrs Dalloway","The Flowers ","Tell No One","Beloved","En Attendant","First They K","Tell Me I'm ","The Unwanted","Five","Rich Mullins"
"451","Coastliners ","Timeline","King Con : A","Gravity : A ","One Hundred ","The Seville ","Chronicle of","Sphere","Five Patient","Perfume: The"
"452","Colors of th","The Bronze H","Midwives: A ","The Wedding ","The Secret L","Truly, Madly","French Silk","Envy","Bodyguard","Born in Fire"
"453","Key of Valor","Heartbreaker","The Mysterie","Dracula: Com","Wuthering He","Asta's Book","Pride and Pr","Before I Say","Lamb : The G","As a Driven "
"454","Snowball Ora","My Family an","STARS of Alb","Johnny The H","Squee's Wond","The Chosen","Rich Mullins","The Non-Desi","Ignorant Arm","Cc Nutcracke"
"455","Tales of H.P","Ghost World","Understandin","Eaters of th","Backcountry ","The Mote in ","Blind Man's ","The Glorious","Firepower","Observer's W"
"456","Bluejacket: ","Snowboarding","Lonely Plane","The Jungle B","The Wordswor","Strange Fits","Confessions ","Cradle and A","The Other Si","The Clan of "
"457","The Salaryma","Welcome to T","The Concubin","The Weight o","Does My Bum ","Lucy Talk","Pride and Pr","Middlemarch ","Fire and Hem","Skywriting b"
"458","Crown Duel (","The Portrait","The Woman in","Catharine an","Jane Eyre (O","Dombey and S","The Two Towe","Emma (Wordsw","A Year in Pr","Cat's reveng"
"459","Beyond The F","Meeting Jesu","Jewel (Oprah","Breadwinner","Ballykissang","How to Be Go","So Long, and","Songs of Inn","The Razor's ","Screening Pa"
"460","Death of A S","Crime and Pu","Angel","Generica","Blindness","An Arrow's F","Flashforward","Golden Fleec","Hominids (Ne","The Bone Peo"
"461","The Complete","The Rumpelst","Was","Silver Birch","Tales of Inn","Power of One","Strandloper","The All of I","Mendel's Dwa","The Classic "
"462","Beim ersten ","Azrael.","Der Grobe Ga","Die Versuchu","Die Brudersc","Die Entdecku","Paradiesstra","Der Kardinal","Knochenarbei","Pride and Pr"
"463","Sense and Se","Bel Canto: A","New England ","The Moon in ","The Rough Gu","Space from Z","Lamb : The G","The Metamorp","Deception Po","Geisha of Gi"
"464","L'Etranger (","Anti-discrim","Die Einkreis","Die Midkemia","Die Midkemia","Venusneid.","Die Midkemia","Im Eishaus. ","Engel der Fi","Champagner u"
"465","Die Erfindun","Die Frau mit","Burg vorhand","Pregnant Man","Foundation a","Robots of Da","Timeline","Cosmic Knigh","True and Fal","The Meaning "
"466","Natural Born","The Miraculo","Grass for Hi","The Great Ac","Your Money o","What We Did ","Nursery Rhym","As Nature Ma","Child of the","Night Watch"
"467","A Hat Full o","The Tenant o","D Is for Dea","How to Inves","The Little T","Shell Seeker","The Lovely B","The Handmaid","Guilty Pleas","In Search of"
"468","Hard Time (V","Devices and ","Mrs. Pollifa","The Valley o","Madame Bovar","Life of Pi","Los Batautos","El sabueso d","The Last Her","Los Mitos de"
"469","Guia Para La","El Senor De ","El Hobbit","Un Saco de H","Lobo Estepar","El Guardian ","Caso de Char","Mr. Commitme","Como Agua Pa","Dragon Tears"
"470","Mr. Murder","Watchers","Harry Potter","Dark Rivers ","The Last Ava","I Shouldn't ","Days Are Jus","Homicidal Ps","Truth or Dar","Improvisatio"
"471","Intricate Pa","Empowerment ","Breaking Dow","Lady of Aval","More Than Co","Collins guid","Life on eart","Collins Gem ","The Dinosaur","How to Marry"
"472","Dreams of an","Guardian Ang","The Perfect ","The Maiden B","Unconditiona","In His Wife'","Another Woma","Harlequin Ro","Splendid","A Secret Lov"
"473","Crossing Ove","Crossing Ove","What If God ","Freedom, the","New Penguin ","English lega","Nutshells: F","Nutshells: E","Nutshells: E","Equity and T"
"474","European Law","Mind Light","Memory (Vork","Kushiel's Ch","Magic's Pawn","Magic's Prom","The Silver G","Picture of D","A second lif","FALLING FREE"
"475","The Ship Who","Mirror Dance","Ich bin mein","Das Dilbert-","La Manutenzi","Il Giro Di B","L'Arbre","Blood Lust: ","The Lovely B","The Pilot's "
"476","Where the He","The Regulato","Angela's Ash","Last Chance ","Autobiograph","Roll of Thun","Shadow of th","Real Men Tal","The Coming P","The Moonston"
"477","Crime and Pu","Alice's firs","Walt Disney'","The Amber Sp","The Angel of","Once and Fut","Night Watch","My Sister's ","Ruins (The X","Your Money o"
"478","What We Did ","Nursery Rhym","Northern Lig","Collins Bird","Up the Line ","Child of the","Night Watch","A Hat Full o","The Tenant o","D Is for Dea"
"479","The illustra","The Lord God","Vet in harne","Grave Secret","Pippa's chal","The Tangle B","The Prince o","Mystical Pat","The Clan of ","The Mammoth "
"480","The Valley o","To Kill a Mo","ANGELA'S ASH","A Year in Pr","Cat's reveng","Beyond The F","The Goalkeep","The Oxford N","Every Mother","Blessings:"
"481","The Cambridg","The Chambers","Der Alchimis","Hunde von Ri","Die Nadel","Die Weiss Lo","Gorki Park. ","Nichts als d","Mittsommermo","Tod Eines Kr"
"482","Harry Potter","Generation G","Soloalbum.","The Tipping ","Rock Springs","Just Checkin","As for Me an","The Harmon C","Pages from a","UNDERWORLD"
"483","The KGB Bar ","How to Be Go","My Secret Hi","Confessions ","Mansfield Pa","Jane Eyre (E","First They K","Tell Me I'm ","The Unwanted","Five"
"484","The Pianist:","Into the Gre","Mayada, Daug","ROGUE WARRIO","The Bamboo C","The God of S","The New York","Hermit in Pa","Schindler's ","LA Metamorfo"
"485","The Dream Ma","Manifold: Ti","Manifold: Sp","Prelude to F","Hacker's Her","Dune (Rememb","The Razor's ","Screening Pa","Coraline","Dear Dad: Le"
"486","Time Power: ","Pilgrim at T","Just So Stor","The Modern R","Pride and Pr","Look-Alikes ","Wonderful Li","Krankheit al","Sommerschwes","Bride of the"
"487","Last Call","Orca","Hyperion","A Game of Th","A Storm of S","Das Leben un","The Wonderfu","Southern Dis","Coming Home","Homeplace"
"488","Fault Lines","Winter Solst","Death in Hol","Postmortem","Body of Evid","All That Rem","Unnatural Ex","Southern Cro","Isle of Dogs","The Art of L"
"489","High Fidelit","A Short Guid","Gon on Safar","The God of S","The New York","Hermit in Pa","Schindler's ","LA Metamorfo","Awakenings","El anatomist"
"490","The Bad Begi","The Reptile ","The Wide Win","The Miserabl","The Austere ","The Ersatz E","The Vile Vil","The Hostile ","The Twits (P","Letters from"
"491","A Walk to Re","The Professo","Lauf, Jane, ","Die Bildhaue","Interview Mi","Das Fest","Herzflimmern","Schau Dich n","Harry Potter","Little Women"
"492","Flashing Ste","Das Lacheln ","T Zero","Archer's Goo","Thief of Tim","Dogsbody","Year of the ","Dark Lord of","The Eyre Aff","The Name of "
"493","The Baron in","Cosmicomics ","If on a Wint","The Stories ","Ender's Game","Time Power: ","The King's E","Berlin Game","The Golden C","Kleins Compr"
"494","The Skeptica","Vertical Run","New Selected","Starship Tro","The Dogs of ","Aquamarine","SHIPPING NEW","French Silk","Summer Siste","Circle of Fr"
"495","Outlander","When Rabbit ","The Heart of","Emily's Ques","One True Thi","The Demon-Ha","Early Auden","Hallucinatin","The Mists of","Dune (Rememb"
"496","A Game of Th","White Plume ","Descent into","Queen of the","Elfquest: Wo","Elfquest: Th","Far Side Gal","Collins Bird","The Forgetti","The Museum a"
"497","The Vampire ","Interview wi","Queen of the","Harry Potter","Harry Potter","Harry Potter","Frankenstein","Next Week Wi","Gravelight","Devil's Drea"
"498","Rebecca","The Demon-Ha","Endangered S","Burn Marks (","Raising Rove","Tell Me Lies","The Mysterio","Scroll of Sa","The Demon-Ha","Early Auden"
"499","Hallucinatin","Moving Targe","The Broke Di","Speaker for ","Chicken Soup","Chicken Soup","The Boy Next","Mary, Called","Arranged Mar","Dracula: Com"
